previous_path	url	published_products
Home & Living > Decor & Styling > Decorative Items	/collections/decorative-items-1	8
Home & Living > Decor & Styling > Baskets & Storage	/collections/baskets-storage	7
Home & Living > Decor & Styling > Decorative Tins & Boxes	/collections/decorative-tins-boxes	6
Home & Living > Decor & Styling > Craft & Sewing Supplies	/collections/craft-sewing-supplies	1
Home & Living > Decor & Styling > Photo & Picture Frames	/collections/photo-picture-frames-1	5
Home & Living > Fixtures & Hardware > Curtain Hardware	/collections/curtain-hardware	0
Home & Living > Fixtures & Hardware > Household Tools & Utilities	/collections/household-tools-utilities	0
Home & Living > Fixtures & Hardware > Display & Wall Hardware	/collections/display-wall-hardware	0
Home & Living > Fixtures & Hardware > Cleaning & Laundry	/collections/cleaning-laundry	4
Home & Living > Fixtures & Hardware > Heating & Cooling	/collections/heating-cooling	1
Home & Living > Fixtures & Hardware > Personal Care Appliances	/collections/personal-care-appliances	0
Home & Living > Lighting & Atmosphere > Lighting	/collections/lighting	7
Home & Living > Kitchen & Table > Bakeware	/collections/bakeware	4
Home & Living > Kitchen & Table > Baking Tools	/collections/baking-tools	0
Home & Living > Kitchen & Table > Cookware	/collections/cookware	1
Home & Living > Kitchen & Table > Cutlery & Utensils	/collections/cutlery-utensils	25
Home & Living > Kitchen & Table > Dinnerware	/collections/dinnerware	19
Home & Living > Kitchen & Table > Kitchen Textiles	/collections/kitchen-textiles	8
Home & Living > Kitchen & Table > Kitchen Organisation & Storage	/collections/kitchen-organisation-storage-1	5
Home & Living > Kitchen & Table > Kitchen Storage & Canisters	/collections/kitchen-storage-canisters	18
Home & Living > Kitchen & Table > Table Linens	/collections/table-linens	9
Home & Living > Kitchen & Table > Tableware	/collections/tableware	7
Home & Living > Kitchen & Table > Teapots & Coffee Pots	/collections/teapots-coffee-pots	9
Home & Living > Kitchen & Table > Trays & Platters	/collections/trays-platters	20
Home & Living > Textiles > Rugs & Mats	/collections/rugs-mats	1
Home & Living > Textiles > Throws & Blankets	/collections/throws-blankets	5
Home & Living > Hardware & Tools > Architectural Hardware	/collections/architectural-hardware	0
Home & Living > Hardware & Tools > Brackets & Shelving Hardware	/collections/brackets-shelving-hardware	1
Home & Living > Hardware & Tools > Craft & Leatherworking Tools	/collections/craft-leatherworking-tools	0
Home & Living > Hardware & Tools > Door Furniture & Numbers	/collections/door-furniture-numbers	5
Home & Living > Hardware & Tools > Hand Tools	/collections/hardware-tools-hand-tools	2
Home & Living > Hardware & Tools > Keys, Locks & Security Hardware	/collections/keys-locks-security-hardware	0
Home & Living > Hardware & Tools > Shoemaking & Leatherworking Tools	/collections/shoemaking-leatherworking-tools	0
Home & Living > Hardware & Tools > Workshop Tools	/collections/workshop-tools	7
Home & Living > Greenery & Natural > Artificial Plants	/collections/artificial-plants-1	1
Gifts > Small Gifts > Books	/collections/books	2
Gifts > Personal & Self Care > Self Care & Pamper	/collections/self-care-pamper	4
Gifts > Kids & Baby > Baby Gifts	/collections/baby-gifts	5
Gifts > Jewellery > Necklaces	/collections/necklaces	6
Gifts > Jewellery > Other Jewellery	/collections/other-jewellery	17
Collectibles > Everyday Life & Home > Barware & Drinking Vessels	/collections/vintage-barware-drinking-vessels	9
Collectibles > Everyday Life & Home > Lighting & Lamps	/collections/collectible-lighting-lamps	2
Collectibles > Everyday Life & Home > Storage & Trunks	/collections/collectible-storage-trunks	2
Collectibles > Everyday Life & Home > Sewing & Needlecraft Ephemera	/collections/sewing-needlecraft-ephemera	1
Collectibles > Everyday Life & Home > Textile & Clothing Ephemera	/collections/textile-clothing-ephemera	1
Collectibles > Tools, Trade & Industry > Agricultural & Farm Tools	/collections/agricultural-farm-tools	5
Collectibles > Tools, Trade & Industry > Medical Instruments	/collections/medical-instruments	3
Collectibles > Tools, Trade & Industry > Navigational Instruments	/collections/navigational-instruments	0
Collectibles > Personal & Wearable > Timepieces	/collections/collectible-timepieces	0
Collectibles > Personal & Wearable > Grooming & Vanity Ephemera	/collections/grooming-vanity-ephemera	8
Collectibles > Paper, Media & Writing > Writing & Desk Accessories	/collections/collectible-writing-desk-accessories	1
Collectibles > Hobbies, Leisure & Play > Toys & Games	/collections/collectible-toys-games	7
Collectibles > Hobbies, Leisure & Play > Garden & Outdoor Objects	/collections/collectible-garden-outdoor-objects	5
Collectibles > Hobbies, Leisure & Play > Gaming	/collections/collectible-gaming	2
Collectibles > Hobbies, Leisure & Play > Sports & Leisure Memorabilia	/collections/sports-leisure-memorabilia	2
Collectibles > Hobbies, Leisure & Play > Camping & Outdoor Gear	/collections/camping-outdoor-gear	2
Collectibles > Transport & Travel > Transport & Railway Memorabilia	/collections/transport-railway-memorabilia	1
Collectibles > Transport & Travel > Automotive Memorabilia	/collections/automotive-memorabilia	8
Collectibles > Spiritual, Cultural & Curiosity > Uranium Glass	/collections/uranium-glass	0
Collectibles > Spiritual, Cultural & Curiosity > Religious & Ecclesiastical Art	/collections/religious-ecclesiastical-art	6
Collectibles > Spiritual, Cultural & Curiosity > Tribal & Ethnographic Art	/collections/tribal-ethnographic-art	0
Collectibles > Spiritual, Cultural & Curiosity > Flags & Banners	/collections/flags-banners	1
Collectibles > Spiritual, Cultural & Curiosity > Natural Curiosities	/collections/natural-curiosities	1
Garden > Bird Baths	/collections/bird-baths	0
Garden > Garden Ornaments	/collections/garden-ornaments	3
Garden > Outdoor Hardware	/collections/outdoor-hardware	0
Pets	/collections/pets-1	0
Pets > Pet Bowls & Treat Jars	/collections/pet-bowls-treat-jars	0
Pets > Pet Apparel & Accessories	/collections/pet-apparel-accessories	0
